0,8T6AHMZM7U
1,JXRTHLZD4Z
2,JR23E3OZZG
3,S2WIJGJDZD
4,0J0CVCUSLM
5,AR4D5QIIQ7
6,0QERCH16RZ
7,0OHKUKI5PR
8,A6B0F3SJ36
9,J3IJNT9VIS
10,QHL3NPCWI3
11,TTWUECG225
12,FGL1K2LIFK
13,ZGCZX0XGET
14,JTVWOXGR58
15,ORLC1RTJGQ
16,P3BG7QV0QP
17,GEBRQR54AZ
18,FNXET42HR3
19,ON0SA2BVMK
20,ANXVSE3WU4
21,CL2KBDNDHD
22,Q4UQN8WBZG
23,21728H18G5
24,W1LTG4YI8R
25,927AGDM754
26,F4EDJR67PQ
27,0OIM5WS27L
28,FCG651XCHL
29,OJKO3U27M9
30,K7IUXPD5IZ
31,RFTCEGJRJY
32,ZQ86R59YLW
33,GPG6RAQNU4
34,FCX2C77T4G
35,SL2XLW6168
36,F4011KP7TU
37,QYARG8AUZW
38,0JG2W1VWKE
39,KKRUXUO0QS
40,84OHEXSZ4T
41,QYRFGZQEMM
42,F6TF3QAZJC
43,Y26CAPZZHG
44,W8GXBZK2AJ
45,S2DRQ8NY8M
46,W54AQ00PNS
47,OELEMDDMZA
48,UK0WAROVXP
49,334YZPB9G6
50,VJ3GAGUY6Y
51,CL7KCU419R
52,Y74R6CRKL3
53,RHDKV7PASN
54,QTXAU0JJ7P
55,Q80QJ5WF0V
56,B0ZDSQ87ZV
57,DR1RFNDLRU
58,23WSLAOXKK
59,S5QPUQ501J
60,3D2MGFRSTH
61,67SV0AB9Q9
62,S4LGRWIH7O
63,OYNA271HVW
64,XPWGR3825S
65,H96J0GZ3J8
66,0MEXG9L5KW
67,X2OXAKE9R5
68,9CBZLOGE1X
69,V8YLC6BMHB
70,DE12EZV7YD
71,59FVGRAMRH
72,RO3RYKQ8OX
73,ATPJT1Z7KJ
74,N2Y9RP9QF1
75,H1O0NCZU45
76,M60DKYRK97
77,JLJBHIKUZ0
78,8WIERNVW52
79,1W39GUD7RE
80,LZTB6KLHZK
81,E8BG7S2DSC
82,FN449RSKKV
83,RMAHB4VNHS
84,GZHMJDEBME
85,2LS41WHKDO
86,L25KNUULG5
87,S7APQUNE6V
88,T8XH3R43UO
89,NB4N7D4FI9
90,5QN5K20LM3
91,G5U8H1108C
92,VUOL5YFWIW
93,V6QZMR8255
94,XKYIHISOAR
95,RJQCK1XYXC
96,N57YSGX8D1
97,BO178VEDQB
98,B5ULGZ871R
99,5KSENK8RNV
